{
  "trainingPhrases": [
    {"parts": [{"text": "what is civicai"}], "repeatCount": 1, "languageCode": "en"},
    {"parts": [{"text": "what is CivicAI"}], "repeatCount": 1, "languageCode": "en"},
    {"parts": [{"text": "tell me about civicai"}], "repeatCount": 1, "languageCode": "en"},
    {"parts": [{"text": "how does it work"}], "repeatCount": 1, "languageCode": "en"},
    {"parts": [{"text": "what features does it have"}], "repeatCount": 1, "languageCode": "en"},
    {"parts": [{"text": "what can civicai do"}], "repeatCount": 1, "languageCode": "en"},
    {"parts": [{"text": "product information"}], "repeatCount": 1, "languageCode": "en"},
    {"parts": [{"text": "tell me more"}], "repeatCount": 1, "languageCode": "en"},
    {"parts": [{"text": "how does this platform work"}], "repeatCount": 1, "languageCode": "en"},
    {"parts": [{"text": "explain civicai"}], "repeatCount": 1, "languageCode": "en"},
    {"parts": [{"text": "what does civicai offer"}], "repeatCount": 1, "languageCode": "en"},
    {"parts": [{"text": "product details"}], "repeatCount": 1, "languageCode": "en"},
    {"parts": [{"text": "features and benefits"}], "repeatCount": 1, "languageCode": "en"},
    {"parts": [{"text": "capabilities"}], "repeatCount": 1, "languageCode": "en"},
    {"parts": [{"text": "what makes civicai different"}], "repeatCount": 1, "languageCode": "en"}
  ]
}

