{
  "trainingPhrases": [
    {"parts": [{"text": "how much does it cost"}], "repeatCount": 1, "languageCode": "en"},
    {"parts": [{"text": "what's the price"}], "repeatCount": 1, "languageCode": "en"},
    {"parts": [{"text": "pricing"}], "repeatCount": 1, "languageCode": "en"},
    {"parts": [{"text": "cost"}], "repeatCount": 1, "languageCode": "en"},
    {"parts": [{"text": "pricing tiers"}], "repeatCount": 1, "languageCode": "en"},
    {"parts": [{"text": "pricing plans"}], "repeatCount": 1, "languageCode": "en"},
    {"parts": [{"text": "what are the costs"}], "repeatCount": 1, "languageCode": "en"},
    {"parts": [{"text": "what's your pricing"}], "repeatCount": 1, "languageCode": "en"},
    {"parts": [{"text": "how much"}], "repeatCount": 1, "languageCode": "en"},
    {"parts": [{"text": "pricing options"}], "repeatCount": 1, "languageCode": "en"},
    {"parts": [{"text": "what does it cost"}], "repeatCount": 1, "languageCode": "en"},
    {"parts": [{"text": "budget"}], "repeatCount": 1, "languageCode": "en"},
    {"parts": [{"text": "what will this cost me"}], "repeatCount": 1, "languageCode": "en"},
    {"parts": [{"text": "packages"}], "repeatCount": 1, "languageCode": "en"},
    {"parts": [{"text": "pricing information"}], "repeatCount": 1, "languageCode": "en"}
  ]
}

